Facility Name,Facility Type,Thermal capacity (MWth),Reference Unit Power (MWe),Thermal efficiency % ,T Gaseous Release in 2021 (Ci),T Liquid Release in 2021 (Ci),T Gaseous Release in 2020 (Ci),T Liquid Release in 2020 (Ci),T Gaseous Release in 2019 (Ci),T Liquid Release in 2019 (Ci),T Gaseous Release in 2018 (Ci),T Liquid Release in 2018 (Ci),T Gaseous Release in 2017 (Ci),T Liquid Release in 2017 (Ci),T Gaseous Release in 2016 (Ci),T Liquid Release in 2016 (Ci),2021 Generation (MWh),2020 Generation (MWh),2019 Generation (MWh),2018 Generation (MWh),2017 Generation (MWh),2016 Generation (MWh),First Grid Connection,State,Model,Containment Types,Reactor Type,BWR Type,Number of Loops,Mark,Freshwater (F) or saltwater (S)? ,nickname,Plant ID,Cooling Type,Add in flow basis stuff
Arkansas 1,PWR,2568,836,32.55451713,15.5,371,16.9,436,21,570,19.7,352,15.4,558,15,554,6570588,7436378,6440098,5622437,6874688,5668731,1974,AR,B&W; (L-loop) DRYAMB,DRYAMB,B&W,N/A,2,N/A,F,AR1,1,ON,https://www3.epa.gov/region1/npdes/merrimackstation/pdfs/ar/AR-1740.pdf
Arkansas 2,PWR,3026,988,32.65036352,30.6,666,32.7,431,24.7,510,35.4,632,26,247,17.3,529,6985096,7626671,7134849,7098381,5816391,7752291,1978,AR,CE (2-loop) DRYAMB,DRYAMB,CE,N/A,2,N/A,F,AR2,2,RN,
Beaver Valley 1,PWR,2900,908,31.31034483,15.6,791,7.7,249,66.6,471,1.93,689,3.47,609,3.61,637,7356891,8047731,7416901,7438148,7999181,7351137,1976,PA,W (3-loop),DRYSUB,W,N/A,3,N/A,F,BV1,3,RN,
Beaver Valley 2,PWR,2900,905,31.20689655,56.6,791,83.5,249,66.6,471,1.52,689,1.11,609,1.39,637,7024505,7345662,8039569,7215308,7312326,7868437,1987,PA,W (3-loop),DRYSUB,W,N/A,3,N/A,F,BV2,4,RN,
Braidwood 1,PWR,3645,1194,32.75720165,38.8,1590,41.4,955,36.6,1680,215,1220,141,1210,112,1700,9887584,10604454,9986322,9834457,10537328,9622742,1987,IL,W (4-loop),DRYAMB,W,N/A,4,N/A,F,BW1,5,RC,
Braidwood 2,PWR,3645,1160,31.82441701,38.8,1590,41.4,955,36.6,1680,215,1220,141,1210,101,1700,9586763,9767222,10264818,9509002,9406226,10226527,1988,IL,W (4-loop) DRYAMB,DRYAMB,W,N/A,4,N/A,F,BW2,6,RC,
Byron 1,PWR,3645,1164,31.93415638,16.8,1260,9.91,1410,14.1,1060,13.2,1410,9.38,675,12.3,1070,9776596,9853735,10459123,9868770,9584031,10356724,1985,IL,W (4-loop) (DRYAMB),DRYAMB,W,N/A,4,N/A,F,BY1,7,RN,
Byron 2,PWR,3645,1136,31.1659808,80.4,1260,38.2,1410,37,1060,45.6,1410,30.2,988,34.6,1070,10193056,9671159,9658858,10182253,9560013,9243524,1987,IL,W (4-Loop) (DRYAMB),DRYAMB,W,N/A,4,N/A,F,BY2,8,RN,
Callaway,PWR,3565,1300,36.46563815,25.5,77.4,36.9,1460,36.5,915,30,514,43.1,1420,38.7,565,4292433,7742120,9189863,10655279,8304127,9430179,1984,MO,W (4-loop) DRYAMB,DRYAMB,W,N/A,4,N/A,F,CA1,9,RN,
Calvert Cliffs 1,PWR,2737,877,32.04238217,3.26,684,4.34,621,3.95,617,3.57,617,5.98,640,4.2,542,7895813,7371348,7913339,7289367,7832605,7186439,1975,MD,CE (2-loop) DRYAMB,DRYAMB,CE,N/A,2,N/A,S,CC1,10,ON,
Calvert Cliffs 2,PWR,2737,855,31.23858239,3.26,684,4.34,621,3.95,617,3.57,617,5.98,640,4.2,542,7097820,7709209,7099583,7698564,7274383,7573738,1976,MD,CE (2-loop) DRYAMB,DRYAMB,CE,N/A,2,N/A,S,CC2,11,ON,
Catawba 1,PWR,3411,1160,34.0076224,127,578,94.9,0,94.8,362,97.9,449,94.8,423,95.5,427,9571297,9235519,10249745,9510487,9529305,10242365,1985,SC,W (4-loop) (ICECND),ICECND,W,N/A,4,N/A,F,CT1,12,RI,
Catawba 2,PWR,3411,1150,33.71445324,127,578,94.9,0,94.8,362,97.9,449,94.8,423,95.5,427,9014422,10121151,9343862,9269228,10177378,9315899,1986,SC,W (4-loop) (ICECND),ICECND,W,N/A,4,N/A,F,CT2,13,RI,
Comanche Peak 1,PWR,3612,1215,33.63787375,16.6,918,11.1,1370,12.5,607,16.3,1060,17.2,1260,17.6,693,10528185,9781846,9441530,10656299,9736838,9779621,1990,TX,W (4-loop) DRYAMB,DRYAMB,W,N/A,4,N/A,F,CP1,14,RC,
Comanche Peak 2,PWR,3612,1245,34.46843854,16.6,918,11.1,1370,12.5,607,16.3,1060,17.2,1260,17.6,693,8828068,9698102,9863180,9841808,7263087,10605521,1993,TX,W (4-loop) DRYAMB,DRYAMB,W,N/A,4,N/A,F,CP2,15,RC,
Cook 1,PWR,3304,1030,31.17433414,36.8,515,43.2,1320,53.4,1350,44.9,743,43.7,1130,63,1170,9110067,8303660,7342390,9299538,7261139,8311745,1975,MI,W (4-loop) ICECDN,ICECND,W,N/A,4,N/A,F,CK1,16,ON,
Cook 2,PWR,3468,1168,33.67935409,36.8,515,43.2,1320,53.4,1350,44.9,743,43.7,1130,63,1170,8843917,9962985,8815458,8311274,10330862,7048018,1978,MI,W (4-loop) ICECND,ICECND,W,N/A,4,N/A,F,CK2,17,ON,
Davis-Besse,PWR,2817,894,31.73588924,24.3,993,31.5,204,31.4,999,40.2,261,38.4,707,53.1,573,7779141,7228063,7837459,7380271,7875413,6394136,1977,OH,B&W; (R-loop),DRYAMB,B&W,N/A,2,N/A,F,DB1,18,RN,
Diablo Canyon 1,PWR,3411,1138,33.36265025,17.4,539,21.8,1390,36.6,1110,39.8,1060,39.5,955,36.9,689,9854372,8910575,8842395,9703806,8192681,9969493,1984,CA,W (4-loop),DRYAMB,W,N/A,4,N/A,S,DC1,19,ON,
Diablo Canyon 2,PWR,3411,1118,32.77631193,17.4,539,21.8,1390,36.6,1110,39.8,1060,39.5,955,36.9,689,6622994,7348123,7322989,8509713,9708398,8938085,1985,CA,W (4-loop),DRYAMB,W,N/A,4,N/A,S,DC2,20,ON,
Farley 1,PWR,2775,874,31.4954955,11,536,15.8,529,14.1,714,16,843,21.3,555,13.9,546,7114415,7802415,7003194,6409664,7750066,6672996,1977,AL,W (3-loop),DRYAMB,W,N/A,3,N/A,F,FA1,21,RI,
Farley 2,PWR,2775,883,31.81981982,14.8,396,17.5,730,11.7,707,44.7,740,17.9,702,8.37,610,7868522,6973382,7133768,7655382,7054028,7014260,1981,AL,W (3-loop) DRYAMB,DRYAMB,W,N/A,3,N/A,F,FA2,22,RI,
Ginna,PWR,1775,560,31.54929577,159,368,105,314,116,630,67.2,482,40,542,55.7,262,4727764,4332888,4993693,4689440,4697675,5070323,1969,NY,W (2-loop),DRYAMB,W,N/A,2,N/A,F,GN1,23,ON,
Harris,PWR,2900,964,33.24137931,117,418,117,210,70.3,613,115,428,84.8,291,80.4,777,7986733,8275593,7610594,7587914,8208573,7513051,1987,NC,W (3-loop) DRYAMB,DRYAMB,W,N/A,3,N/A,F,HA1,24,RN,
McGuire 1,PWR,3411,1158,33.94898857,43.3,587,54.8,585,39.2,542,60.2,508,48.5,860,40.2,449,10361236,9434118,9271862,10359250,9646267,9515883,1981,NC,W (4-loop) ICECND,ICECND,W,N/A,4,N/A,F,MG1,25,ON,
McGuire 2,PWR,3411,1158,33.94898857,43.3,587,54.8,585,39.2,542,60.2,508,48.5,860,40.2,449,9300878,9612831,10316393,9502818,9149269,10368406,1983,NC,W (4-loop) ICECND,ICECND,W,N/A,4,N/A,F,MG2,26,ON,
Millstone 2,PWR,2700,869,32.18518519,28.3,582,9.14,326,13.5,367,10.3,618,10.4,2400,9.91,263,6919561,6690501,7238741,6147489,6781804,7450329,1975,CT,COMB CE DRYAMB,DRYAMB,COMB CE,N/A,2,N/A,S,ML2,27,ON,
Millstone 3,PWR,3650,1210,33.15068493,44.3,921,45.9,1640,50.4,1410,27.7,644,29.9,1380,55.5,1360,10296948,9024354,9494657,10734003,9717817,9125163,1986,CT,W (4-loop) DRYSUB,DRYSUB,W,N/A,4,N/A,S,ML3,28,ON,
North Anna 1,PWR,2940,913,31.05442177,7.43,505,11.2,913,20,976,9.49,646,16,890,20.5,1080,6919326,8468833,7850405,7603662,8492341,7629403,1978,VA,W (3-loop),DRYSUB,W,N/A,3,N/A,F,NA1,29,ON,
North Anna 2,PWR,2940,918,31.2244898,7.43,505,11.2,913,20,976,9.49,646,16,890,20.4,1080,8452320,7331070,7474134,8428869,7633746,7491974,1980,VA,W (3-loop),DRYSUB,W,N/A,3,N/A,F,NA2,30,ON,
Oconee 1,PWR,2568,847,32.98286604,63.1,359,34.9,339,51,314,52,325,34,345,44.4,380,7579868,6859973,7498643,6745635,7356782,6472061,1973,SC,B&W; (L-loop),DRYAMB,B&W,N/A,2,N/A,F,OC1,31,ON,
Oconee 2,PWR,2568,848,33.02180685,63.1,359,34.9,339,51,314,52,325,34,345,44.4,380,6981796,7670158,6798420,7581168,6869615,7609827,1973,SC,B&W; (L-loop),DRYAMB,B&W,N/A,2,N/A,F,OC2,32,ON,
Oconee 3,PWR,2568,859,33.45015576,63.1,359,34.9,339,51,314,52,325,34,345,44.4,380,7644799,7012136,7587618,6967442,7572347,7095215,1974,SC,B&W; (L-loop),DRYAMB,B&W,N/A,2,N/A,F,OC3,33,ON,
Palisades,PWR,2565,805,31.38401559,11,488,14,822,13,197,15.3,902,10.5,567,13.7,338,7014799,5995123,6865167,5455940,6097496,7045181,1971,MI,CE (2-loop) DRYAMB,DRYAMB,CE,N/A,2,N/A,F,PA1,34,RI,
Palo Verde 1,PWR,3990,1311,32.85714286,484,0,980,202,501,197,589,0,753,0,1050,0,11515959,9818477,10515168,11220879,10477955,10154373,1985,AZ,CE (2-loop) DRYAMB,DRYAMB,CE,N/A,2,N/A,W,PV1,35,RI,
Palo Verde 2,PWR,3990,1314,32.93233083,1100,0,558,202,387,197,908,0,686,0,251,0,10123959,10466373,11435511,9448932,10588602,11717178,1986,AZ,COMB CE80 DRYAMB,DRYAMB,COMB CE80,N/A,2,N/A,W,PV2,36,RI,
Palo Verde 3,PWR,3990,1312,32.88220551,1000,0,593,202,816,197,837,0,380,0,1050,0,9989944,11267583,9969689,10427448,11273581,10505926,1987,AZ,COMB CE80 DRYAMB,DRYAMB,COMB CE80,N/A,2,N/A,W,PV3,37,RI,
Point Beach 1,PWR,1800,591,32.83333333,34.6,447,43.5,412,35.1,315,47.1,491,98.2,882,32.2,259,5137279,4828765,4790446,5183249,4840409,4869227,1970,WI,W (2-loop) DRYAMB,DRYAMB,W,N/A,2,N/A,F,PB1,38,ON,
Point Beach 2,PWR,1800,591,32.83333333,34.6,447,43.5,412,35.1,315,47.1,491,98.2,882,32.2,259,4832911,4942568,5239859,4945873,4808570,5282167,1972,WI,W (2-loop) DRYAMB,DRYAMB,W,N/A,2,N/A,F,PB2,39,ON,
Prairie Island 1,PWR,1677,522,31.12701252,12.1,257,13.8,534,16.8,216,15.6,379,20.3,405,14.3,198,4785979,4337576,4772562,4190471,4564997,4207703,1973,MN,W (2-loop) DRYAMB,DRYAMB,W,N/A,2,N/A,F,PI1,40,ON/RI,
Prairie Island 2,PWR,1677,519,30.94812165,12.1,257,13.8,534,16.8,216,15.6,379,20.3,405,14.3,198,4313934,4746398,4367410,4792834,4179734,4055355,1974,MN,W (2-loop) DRYAMB,DRYAMB,W,N/A,2,N/A,F,PI2,41,ON/RI,
Robinson 2,PWR,2339,741,31.68020522,10.6,471,10.6,597,26.1,284,16.9,667,18,144,20.4,557,6426473,6124626,6376319,5276118,5925833,6432188,1970,SC,W (3-loop) DRYAMB,DRYAMB,W,N/A,3,N/A,F,RO2,42,RC,
Salem 1,PWR,3459,1169,33.79589477,227,484,293,637,237,992,188,478,374,514,340,647,10205299,7142172,7944369,10177507,9244745,6997238,1976,NJ,W (4-loop) DRYAMB,DRYAMB,W,N/A,4,N/A,S,SA1,43,ON,
Salem 2,PWR,3459,1158,33.47788378,227,410,143,611,109,446,226,812,229,589,145,501,8856743,9003389,9966009,8717600,8730429,8699415,1981,NJ,W (4-loop) DRYAMB,DRYAMB,W,N/A,4,N/A,S,SA2,44,ON,
Seabrook,PWR,3648,1244,34.10087719,85.6,1520,76.5,870,67.3,659,97.7,1650,74.4,1230,70,694,9856117,9865196,10906923,10061696,9990704,10761163,1990,NH,W (4-loop) DRYAMB,DRYAMB,W,N/A,4,N/A,S,SB1,45,ON,
Sequoyah 1,PWR,3455,1152,33.34298119,4.49,3.15,3.47,0,5.47,909,7.15,851,7.02,671,3.9,737,8865277,9846769,8189636,8916875,9402442,7647010,1980,TN,W (4-loop) ICECND,ICECND,W,N/A,4,N/A,F,SQ1,46,ON,
Sequoyah 2,PWR,3455,1139,32.96671491,4.49,3.15,3.47,0,5.47,909,7.15,851,7.02,671,3.9,737,8789535,9252420,9874983,8786874,8838857,9595598,1981,TN,W (4-loop) (ICECND),ICECND,W,N/A,4,N/A,F,SQ2,47,ON,
South Texas 1,PWR,3853,1280,33.22086686,36.6,1450,74.4,875,74.3,859,73,1250,88.4,601,30.4,585,10363168,10409819,11490063,10266911,10083139,11254948,1988,TX,W (4-loop),DRYAMB,W,N/A,4,N/A,F,ST1,48,RC,
South Texas 2,PWR,3853,1280,33.22086686,47.8,840,64.8,734,44,1410,66.3,715,24,737,31.2,1450,10491836,11548938,10503234,10420721,11498337,10439355,1989,TX,W (4-loop) DRYAMB,DRYAMB,W,N/A,4,N/A,F,ST2,49,RC,
St. Lucie 1,PWR,3020,981,32.48344371,8.78,403,1.51,179,19.4,429,8.82,457,5.67,264,61.6,378,6978217,8726843,6088656,7914552,8512139,6917034,1976,FL,COMB CE DRYAMB,DRYAMB,COMB CE,N/A,2,N/A,S,SL1,50,ON,
St. Lucie 2,PWR,3020,1002,33.17880795,2.96,403,43.7,179,8.54,429,37.6,457,6.55,264,78.1,378,7175466,8073527,8876972,7648029,7915781,8669528,1983,FL,COMB CE DRYAMB,DRYAMB,COMB CE,N/A,2,N/A,S,SL2,51,ON,
Summer,PWR,2900,973,33.55172414,1.3,801,1.82,587,32.8,844,5.88,816,1.51,802,0.969,353,6552773,7727525,8248436,7366391,6913294,8658361,1982,SC,W (3-loop) DRYAMB,DRYAMB,W,N/A,3,N/A,F,SU1,52,RC,
Surry 1,PWR,2587,838,32.3927329,23.4,885,21.4,419,19.2,622,22,908,24.8,513,14.5,340,6640059,7551070,6642083,6561752,7513729,7111164,1972,VA,W (3-loop) DRYSUB,DRYSUB,W,N/A,3,N/A,S,SR1,53,ON,
Surry 2,PWR,2587,838,32.3927329,23.4,885,21.4,419,19.2,622,22,908,24.8,513,14.5,340,6559811,6789081,7530894,6657385,6913918,7499354,1973,VA,W (3-loop) DRYSUB,DRYSUB,W,N/A,3,N/A,S,SR2,54,ON,
Turkey Point 3,PWR,2644,837,31.65658094,2.34,917,8.14,751,16.8,497,4.89,588,28.6,685,60.6,377,6314980,6556421,7533694,6457621,6163817,7174171,1972,FL,W (3-loop) DRYAMB,DRYAMB,W,N/A,3,N/A,F,TP3,55,RC,
Turkey Point 4,PWR,2644,837,31.65658094,1.6,917,2.88,751,10.2,497,3.18,588,4.63,685,4.01,377,7589624,6062561,6608744,7292147,6554482,6559289,1973,FL,W (3-loop) DRYAMB,DRYAMB,W,N/A,3,N/A,F,TP4,56,RC,
Vogtle 1,PWR,3626,1220,33.64589079,47.4,515,44.9,754,95.2,832,242,590,43.1,985,60.2,557,9443128,9562447,10256484,9627221,9408653,10273138,1987,GA,W (4-loop) DRYAMB,DRYAMB,W,N/A,4,N/A,F,VG1,57,RN,
Vogtle 2,PWR,3626,1220,33.64589079,8.78,493,54.7,1130,39.4,463,35,725,14.8,1350,11.7,434,10343780,9295371,9417816,10331905,9769210,9587091,1989,GA,W (4-loop) DRYAMB,DRYAMB,W,N/A,4,N/A,F,VG2,58,RN,
Waterford 3,PWR,3716,1168,31.43164693,41.2,452,50.2,1090,59.9,435,16.5,677,22,741,31.4,223,9806799,8961217,7560402,10152586,8377463,10096757,1985,LA,CE (2-loop),DRYAMB,CE,N/A,2,N/A,F,WF3,59,ON,
Wolf Creek,PWR,3565,1200,33.66058906,56.2,1180,42.5,1390,71.5,1550,35.6,1020,42.1,973,46.5,1370,8574732,10582482,9247734,9168289,10647987,8246042,1985,KS,W (4-loop),DRYAMB,W,N/A,4,N/A,F,WC1,60,RC,
Watts Bar 1,PWR,3459,1157,33.44897369,130,6450,95,5990,0,2820,25.2,3910,38.4,1070,42.8,1960,8974715,9075100,8710831,8828488,8616122,9441760,1996,TN,W (4-loop) (ICECND),ICECND,W,N/A,4,N/A,F,WB1,61,RN/OT,
Watts Bar 2,PWR,3411,1164,34.12489006,36.5,1820,18.1,1140,16.8,287,32.2,1180,38.4,1070,0,0,8700880,8513906,8944955,9644145,4960081,2893718,2016,TN,W (4-loop) (ICECND),ICECND,W,N/A,4,N/A,F,WB2,62,RN/OT,
Browns Ferry 1,BWR,3458,1200,34.70213997,94.9,5.02,161,16.1,242,53.4,150,24.7,155,1.84,169,2.9,10881278,9174116,10757301,7841125,9801351,8382888,1973,AL,BWR-4 (Mark 1),N/A,BWR-4,4,N/A,1,F,BF1,63,ON,BWRs start here
Browns Ferry 2,BWR,3458,1200,34.70213997,94.9,5.02,161,16.1,242,53.4,150,24.7,155,1.84,169,2.9,9210093,10098922,8448744,9457539,8395465,9523236,1974,AL,BWR-4 (Mark 1),N/A,BWR-4,4,N/A,1,F,BF2,64,ON,
Browns Ferry 3,BWR,3458,1210,34.99132447,94.9,5.02,161,16.1,242,53.4,150,24.7,155,1.84,169,2.9,10962181,9501812,10313855,8099117,9651063,8308499,1976,AL,BWR-4 (Mark 1),N/A,BWR-4,4,N/A,1,F,BF3,65,ON,
Brunswick 1,BWR,2923,938,32.09031817,45.1,36.5,75.6,38.9,81.4,49.5,81.1,73.7,168,86.9,219,177,8006921,6917770,7744250,7094066,8179118,7313545,1976,NC,BWR-4 (Mark 1),N/A,BWR-4,4,N/A,1,S,BR1,66,ON,
Brunswick 2,BWR,2923,932,31.88504961,45.1,36.5,75.6,38.9,81.4,49.5,81.1,73.7,168,86.9,219,177,7461939,8088450,6972506,7532901,7191037,8075202,1975,NC,BWR-4 (Mark 1),N/A,BWR-4,4,N/A,1,S,BR2,67,ON,
Clinton,BWR,3473,1062,30.57875036,27.1,0,26.9,0,30,0,19.4,0,24.4,0,19.7,0,8348706,9462481,8363289,8346686,8348336,8914453,1987,IL,BWR-6 (Mark 3),N/A,BWR-6,6,N/A,3,F,CL1,68,RC/HT,
Columbia,BWR,3486,1131,32.44406196,19.8,0,24.8,0,15,0,19.1,0,14.6,0,16.5,0,8511288,9427050,8866499,9708441,8128259,9625622,1984,WA,BWR-5 (Mark 2),N/A,BWR-5,5,N/A,2,F,CM1,69,RI,
Cooper,BWR,2419,769,31.78999587,17.1,0,12.5,5.84,9.23,5.22,12.2,3.5,10.1,0,0,0,6880622,6188551,6951600,5632140,6912737,5925356,1974,NE,BWR-4 (Mark 1),N/A,BWR-4,4,N/A,1,F,CO1,70,ON,
Dresden 2,BWR,2957,894,30.23334461,98.6,0.00249,23.8,0.00672,38.8,0.0218,11.2,0.0528,4.97,0.0877,1.34,0.181,7422615,7966534,7138839,8052440,7408111,8047754,1970,IL,BWR-3 (Mark 1),N/A,BWR-3,3,N/A,1,F,DR2,71,OC/RC/HT,
Dresden 3,BWR,2957,879,29.72607372,21.3,0.00249,7.5,0.00672,10.6,0.0218,12.2,0.0528,7.33,0.0877,5.16,0.181,7534065,7512354,7942876,7485695,8036771,7396139,1971,IL,BWR-3 (Mark 1),N/A,BWR-3,3,N/A,1,F,DR3,72,OC/RC/HT,
Fermi 2,BWR,3468,1115,32.15109573,55.8,0,91.8,0,46.1,0,91.1,0,135,0,0,0,9369536,6070778,9886260,7411942,8691695,9146766,1986,MI,BWR-4 (Mark 1),N/A,BWR-4,4,N/A,1,F,FE2,73,RN,
FitzPatrick,BWR,2536,813,32.05835962,15.3,0.0565,14.3,0.131,13.5,0.019,13.1,1.1,23.2,0.0528,13.8,0.117,7397717,6588676,7355106,6527781,6174224,5874126,1975,NY,BWR-4 (Mark 1),N/A,BWR-4,4,N/A,1,F,FT1,74,ON,
Grand Gulf,BWR,4408,1401,31.7831216,17.8,19.4,15.2,85,21.5,20.9,14.6,42.6,20.3,36.1,18.7,61.9,11772058,6470934,11032514,6919470,7364648,5897272,1984,MS,BWR-6 (Mark 3),N/A,BWR-6,6,N/A,3,F,GG1,75,RN/RI,
Hatch 1,BWR,2804,876,31.24108417,61.2,244,44.3,29.8,24.2,58.8,10.2,21.9,13,5.47,12.3,19.3,7202991,6410209,7558067,7009585,7318734,6991130,1974,GA,BWR-4 (Mark 1),N/A,BWR-4,4,N/A,1,F,HT1,76,RI,
Hatch 2,BWR,2804,883,31.49072753,38.3,40.2,42.5,64.5,27.9,40.8,19.1,4.72,21.2,1.41,12.9,4.71,6962077,7557670,6358814,7393965,7212208,7629303,1978,GA,BWR-4 (Mark 1),N/A,BWR-4,4,N/A,1,F,HT2,77,RI,
Hope Creek,BWR,3840,1172,30.52083333,418,69.3,160,38.3,384,92.2,456,70.2,368,20.9,189,17.4,9080057,10592697,8726946,9546684,10627333,9603443,1986,NJ,BWR-4 (Mark 1),N/A,BWR-4,4,N/A,1,S,HC1,78,RN,
LaSalle 1,BWR,3546,1190,33.55893965,49.9,0,43.2,0,35.8,0,18.2,0,8.77,0,11.6,0,10092537,9535886,10026816,9321629,9856322,9072600,1982,IL,BWR-5 (Mark 2),N/A,BWR-5,5,N/A,2,F,LS1,79,RC,
LaSalle 2,BWR,3546,1141,32.17710096,49.9,0,43.2,0,35.8,0,18.2,0,8.77,0,11.6,0,8412208,10159798,9408439,10024137,9052137,9704753,1984,IL,BWR-5 (Mark 2),N/A,BWR-5,5,N/A,2,F,LS2,80,RC,
Limerick 1,BWR,3515,1134,32.26173542,9.54,8.4,16.3,1.77,43.2,6.42,9.5,3.32,22.8,10.5,12.9,2.46,10050781,9133195,10084182,9181855,9992846,9268569,1985,PA,BWR-4 (Mark 2),N/A,BWR-4,4,N/A,2,F,LM1,81,RN,
Limerick 2,BWR,3515,1134,32.26173542,9.54,8.4,16.3,1.77,43.2,6.42,9.5,3.32,22.8,10.5,12.9,2.46,9258265,10211569,9261412,10156771,8560111,10126806,1989,PA,BWR-4 (Mark 2),N/A,BWR-4,4,N/A,2,F,LM2,82,RN,
Monticello,BWR,2004,628,31.33732535,21.4,5.96E-05,16.8,0,14,0,26.6,0,14.9,0.000284,16.5,0.000284,5022858,5593314,4964575,5618024,5159620,5597758,1971,MN,BWR-3,N/A,BWR-3,3,N/A,1,F,MO1,83,ON/OT,
Nine Mile Point 1,BWR,1850,613,33.13513514,28.8,0,29.6,0,16.1,0,24.7,2.50E-06,64.6,0,250,0,5037579,5473000,4604183,5277940,4885129,5383492,1969,NY,BWR-2 (Mark 1),N/A,BWR-2,2,N/A,1,F,NM1,84,ON/RN,
Nine Mile Point 2,BWR,3988,1277,32.02106319,117,0,88.1,0,158,0,115,0,147,0,83.6,0,11155916,10167608,11217193,10104890,11107751,10116880,1987,NY,BWR-5 (Mark 2),N/A,BWR-5,5,N/A,2,F,NM2,85,ON/RN,
Peach Bottom 2,BWR,3951,1300,32.90306252,71,5.79,41.1,4.37,37.2,0.0458,34.7,3.9,18.3,3.43,16.9,3.24,11439087,10211819,11533439,10788451,11310279,10473991,1974,PA,BWR-4 (Mark 1),N/A,BWR-4,4,N/A,1,F,PH2,86,ON/HT,
Peach Bottom 3,BWR,3951,1331,33.68767401,71,5.79,41.1,4.37,37.2,0.0458,34.7,3.9,18.3,3.43,16.9,3.24,10829157,11580515,10760946,10891665,10412264,11401444,1974,PA,BWR-4 (Mark 1),N/A,BWR-4,4,N/A,1,F,PH3,87,ON/HT,
Perry,BWR,3758,1240,32.99627461,8.3,5.04,18.2,0.00899,1.38,22.2,3.11,0.0243,2.86,8.39,7.55,10.3,9703868,10990962,9173102,10934736,9812376,10423250,1986,OH,BWR-6 (Mark 3),N/A,BWR-6,6,N/A,3,F,PE1,88,RN,
Quad Cities 1,BWR,2957,908,30.70679743,38.6,1.83,41.6,0.353,43.5,0.0797,38.7,4.09,43,0,46.8,0,7635531,8075967,7421057,8051911,7498153,8104186,1972,IL,BWR-3 (Mark 1),N/A,BWR-3,3,N/A,1,F,QC1,89,ON,
Quad Cities 2,BWR,2957,911,30.80825161,38.6,1.83,41.6,0.353,43.5,0.0797,38.7,4.09,43,0,46.8,0,8104797,7636478,8065051,7424547,7903714,7550909,1972,IL,BWR-3 (Mark 1),N/A,BWR-3,3,N/A,1,F,QC2,90,ON,
River Bend,BWR,3091,967,31.28437399,6.11,36,17.3,50.8,22.1,56.7,18.2,61,8.23,66.1,17.9,78.7,7441875,7988370,6420933,6999996,7032282,7055069,1985,LA,BWR-6 (Mark 3),N/A,BWR-6,6,N/A,3,F,RV1,91,RI,
Susquehanna 1,BWR,3952,1257,31.80668016,30.1,15.8,70,15.9,90.1,15.7,36.8,15.3,36,6.49,0,19.1,10664952,9332238,11072672,9558527,10990505,8724976,1982,PA,BWR-4 (Mark 2),N/A,BWR-4,4,N/A,2,F,SN1,92,RN,
Susquehanna 2,BWR,3952,1257,31.80668016,30.1,15.8,70,15.9,90.1,15.7,36.8,15.3,36,6.49,0,19.1,9278594,10658665,9846335,10910195,9762060,10625999,1984,PA,BWR-4 (Mark 2),N/A,BWR-4,4,N/A,2,F,SN2,93,RN,